url_path,views_total,views_unique
/aoliver44/taxaHFE,6,1
/aoliver44/taxaHFE/commits/development,5,1
/aoliver44/taxaHFE/tree/development,5,1
/aoliver44/taxaHFE/blob/development/taxahfe.md,4,1
/aoliver44/taxaHFE/tree/development/lib,4,1
/aoliver44/taxaHFE/blob/development/dietml.md,3,1
/aoliver44/taxaHFE/blob/development/lib/diet_ml_funcs.R,2,1
/aoliver44/taxaHFE/blob/development/lib/shap_funcs.R,2,1
/aoliver44/taxaHFE/commit/7bf30d2c5d2dab00e626d3a6ec9bea050a22c4dd,2,1
/aoliver44/taxaHFE/pulse,2,1
